customer,chatDate,payment,ongkir,item,quantity,note
ITS N/2,25/06/2026 18.34.18,,0,Lontong Kikil,1,lontong pisah
ITS N/2,25/06/2026 18.34.18,,0,Salad Buah,1,
ITS N 11,25/06/2026 18.36.05,,0,Salad Buah,1,
ITS N 11,25/06/2026 18.36.05,,0,Bali Tahu Telur,1,
ITS N 11,25/06/2026 18.36.05,,0,Mendol Tempe MLG / 6,2,
ITS X 16,25/06/2026 18.48.16,,0,Lontong Kikil,1,
ITS X 16,25/06/2026 18.48.16,,0,Salad Buah,1,
ITS X 16,25/06/2026 18.48.16,,0,Martabak Jadul,3,
ITS X 16,25/06/2026 18.48.16,,0,Kpl Ikan Mayung,1,bumbu pedas
ITS X 16,25/06/2026 18.48.16,,0,Mendol Tempe MLG / 6,1,kacang Malang
Tek Lingkungan Khusnul,25/06/2026 18.48.58,,5000,Kpl Ikan Mayung,1,kirim di teknik lingkungan
Tek Lingkungan Khusnul,25/06/2026 18.48.58,,5000,Salad Buah,1,kirim di teknik lingkungan
Tek Lingkungan Khusnul,25/06/2026 18.48.58,,5000,Mendol Tempe MLG / 6,1,kirim di teknik lingkungan
Pantai Mentari Blok SF no. 9,25/06/2026 19.45.11,,10000,Kpl Ikan Mayung,1,pedas
Pantai Mentari Blok SF no. 9,25/06/2026 19.45.11,,10000,Rawon,1,
Pantai Mentari Blok SF no. 9,25/06/2026 19.45.11,,10000,Botok Uritan / 1,1,
Pantai Mentari Blok SF no. 9,25/06/2026 19.45.11,,10000,Martabak Jadul,6,
Pantai Mentari Blok SF no. 9,25/06/2026 19.45.11,,10000,Salad Buah,4,
Tohir 23,25/06/2026 19.47.52,,5000,Rawon,2,
BPD B / 33,25/06/2026 19.54.46,,0,Salad Buah,1,
BPD B / 33,25/06/2026 19.54.46,,0,Mendol Tempe MLG / 6,2,kacang Malang
V / 3,25/06/2026 19.57.08,,0,Lontong Kikil,1,tanpa lontong
V / 3,25/06/2026 19.57.08,,0,Kpl Ikan Mayung,1,
ITS T/4,25/06/2026 20.03.32,,0,Kpl Ikan Mayung,1,
ITS T/4,25/06/2026 20.03.32,,0,Martabak Jadul,3,
ITS T/4,25/06/2026 20.03.32,,0,Lontong Kikil,1,
Pucangan 3.no.49,25/06/2026 20.07.57,,25000,Kpl Ikan Mayung,1,pedas
Pucangan 3.no.49,25/06/2026 20.07.57,,25000,Rawon,1,
Pucangan 3.no.49,25/06/2026 20.07.57,,25000,Mendol Tempe MLG / 6,2,
Pucangan 3.no.49,25/06/2026 20.07.57,,25000,Martabak Jadul,5,
Pucangan 3.no.49,25/06/2026 20.07.57,,25000,Salad Buah,4,
Gatot - Tri T 29,25/06/2026 20.09.25,,0,Kpl Ikan Mayung,1,
Gatot - Tri T 29,25/06/2026 20.09.25,,0,Botok Uritan / 1,1,
Gatot - Tri T 29,25/06/2026 20.09.25,,0,Sayur Bayem,1,
sutorejo timur 32/H5 - Sut tmr 32/H5,25/06/2026 20.13.09,,0,Rawon,1,
sutorejo timur 32/H5 - Sut tmr 32/H5,25/06/2026 20.13.09,,0,Salad Buah,1,
Villa Royal C4/18,25/06/2026 20.14.56,,5000,Kpl Ikan Mayung,2,pedas
Villa Royal C4/18,25/06/2026 20.14.56,,5000,Salad Buah,2,
ITS J / 3,25/06/2026 20.17.08,,0,Kpl Ikan Mayung,2,tidak pakai cabe sama sekali; tidak usah pakai santan
Bhaskara 4 / 5,25/06/2026 20.25.04,,0,Kpl Ikan Mayung,4,tdk pedas sama sekali; tanpa santan
Mulyo Utara 6/24,25/06/2026 20.35.14,,0,Sayur Bayem,1,
Mulyo Utara 6/24,25/06/2026 20.35.14,,0,Salad Buah,4,
Dharmahusada Emas Fendi - Dharmas bf20,25/06/2026 20.53.27,,0,Lontong Kikil,3,
Mulyo BPD B -1,25/06/2026 20.55.28,,0,Sayur Bayem,1,
Mulyo BPD B -1,25/06/2026 20.55.28,,0,Mendol Tempe MLG / 6,1,
Mulyo Tng 6 / 5,25/06/2026 21.17.12,,0,Rawon,1,
H - 18 - Blok H 18,25/06/2026 22.24.14,,0,Botok Uritan / 1,2,
H - 18 - Blok H 18,25/06/2026 22.24.14,,0,Lontong Kikil,1,
Sutorejo Tengah 8/10,26/06/2026 03.05.58,,0,Rawon,1,
Sutorejo Tengah 8/10,26/06/2026 03.05.58,,0,Bali Tahu Telur,1,
Wisper Tengah Blok Kk,26/06/2026 04.32.35,,5000,Sayur Bayem,1,
Wisper Tengah Blok Kk,26/06/2026 04.32.35,,5000,Mendol Tempe MLG / 6,1,
Wisper Tengah Blok Kk,26/06/2026 04.32.35,,5000,Salad Buah,1,
M 4 A,26/06/2026 04.39.36,,0,Rawon,1,
M 4 A,26/06/2026 04.39.36,,0,Lontong Kikil,1,tanpa lontong
M 4 A,26/06/2026 04.39.36,,0,Kpl Ikan Mayung,1,
ITS F 6,26/06/2026 05.32.58,,0,Salad Buah,1,
ITS F 6,26/06/2026 05.32.58,,0,Rawon,1,
ITS F 6,26/06/2026 05.32.58,,0,Kpl Ikan Mayung,1,
Emi Bumi Marina - Teknik Fisika,26/06/2026 05.43.31,,5000,Sayur Bayem,1,
Emi Bumi Marina - Teknik Fisika,26/06/2026 05.43.31,,5000,Bali Tahu Telur,1,
Emi Bumi Marina - Teknik Fisika,26/06/2026 05.43.31,,5000,Mendol Tempe MLG / 6,1,
ITS T 8 LAMA,26/06/2026 05.53.12,,5000,Salad Buah,1,
ITS T 8 LAMA,26/06/2026 05.53.12,,5000,Martabak Jadul,3,
Mbak JU KARIS - Ibu Artha suteng blok G no.11,26/06/2026 06.07.02,,0,Lontong Kikil,3,
Mbak JU KARIS - Ibu Artha suteng blok G no.11,26/06/2026 06.07.02,,0,Rawon,3,
Mbak JU KARIS - Ibu Artha suteng blok G no.11,26/06/2026 06.07.02,,0,Kpl Ikan Mayung,2,
Mbak JU KARIS - Ibu Artha suteng blok G no.11,26/06/2026 06.07.02,,0,Bali Tahu Telur,2,
Mbak JU KARIS - Ibu Artha suteng blok G no.11,26/06/2026 06.07.02,,0,Salad Buah,2,
ITS W/6,26/06/2026 06.15.50,,0,Salad Buah,1,
ITS W/6,26/06/2026 06.15.50,,0,Martabak Jadul,4,
Suto Sel 8/27,26/06/2026 06.35.40,,0,Rawon,1,
Suto Sel 8/27,26/06/2026 06.35.40,,0,Mendol Tempe MLG / 6,1,
SUTO TIMUR 3 / 33,26/06/2026 06.38.11,,0,Sayur Bayem,1,
SUTO TIMUR 3 / 33,26/06/2026 06.38.11,,0,Bali Tahu Telur,1,
SUTO TIMUR 3 / 33,26/06/2026 06.38.11,,0,Mendol Tempe MLG / 6,1,
Blok T 86.bu Ratna,26/06/2026 06.40.39,,0,Lontong Kikil,1,lontong pisah
Blok T 86.bu Ratna,26/06/2026 06.40.39,,0,Salad Buah,1,
Griya Asri G2 - 28,26/06/2026 06.48.21,,5000,Rawon,2,daging sj dn kuahnya yg byk
SUTO SEL 7/37,26/06/2026 06.53.45,,0,Lontong Kikil,1,
Puri Asri P3 no. 32 Nenet,26/06/2026 06.58.10,,5000,Botok Uritan / 1,1,
Puri Asri P3 no. 32 Nenet,26/06/2026 06.58.10,,5000,Mendol Tempe MLG / 6,1,kacang Malang
Puri Asri P3 no. 32 Nenet,26/06/2026 06.58.10,,5000,Lontong Kikil,1,
Puri Asri P3 no. 32 Nenet,26/06/2026 06.58.10,,5000,Martabak Jadul,5,
Mulyo Utara/21 - MU21 pesan,26/06/2026 07.01.54,,0,Lontong Kikil,1,lontongnya utuh/dipisah; jangan lupa sambal
U 4 / 5 A Perpus - Blok U-IV/5A,26/06/2026 07.09.51,,0,Salad Buah,1,
U 4 / 5 A Perpus - Blok U-IV/5A,26/06/2026 07.09.51,,0,Martabak Jadul,3,
U 4 / 5 A Perpus - Blok U-IV/5A,26/06/2026 07.09.51,,0,Mendol Tempe MLG / 6,1,
T - 49,26/06/2026 07.36.43,,0,Lontong Kikil,1,tanpa lontong
T - 49,26/06/2026 07.36.43,,0,Botok Uritan / 1,2,
T - 49,26/06/2026 07.36.43,,0,Martabak Jadul,3,
Sutorejo Tengah 2/6,26/06/2026 07.45.27,,0,Rawon,1,
Sutorejo Tengah 2/6,26/06/2026 07.45.27,,0,Mendol Tempe MLG / 6,1,
Sutorejo Tengah 2/6,26/06/2026 07.45.27,,0,Salad Buah,2,
Bumi Galaxy Permai M3 / 17,26/06/2026 07.47.43,,15000,Sayur Bayem,1,kirim jam 10 sebelum jum'atan atau jam 13 setelah jum'atan; dirumah g ada org; makanan di centel pagar bag dlm; uang sy transf
Bumi Galaxy Permai M3 / 17,26/06/2026 07.47.43,,15000,Bali Tahu Telur,1,kirim jam 10 sebelum jum'atan atau jam 13 setelah jum'atan; dirumah g ada org; makanan di centel pagar bag dlm; uang sy transf
Bumi Galaxy Permai M3 / 17,26/06/2026 07.47.43,,15000,Salad Buah,2,kirim jam 10 sebelum jum'atan atau jam 13 setelah jum'atan; dirumah g ada org; makanan di centel pagar bag dlm; uang sy transf
