customer,chatDate,payment,ongkir,item,quantity,harga,note,sendNote
Mulyo Utara/21,19/09/2026 18.33.46,,0,Lontong Balap,2,15000,,
Mulyo Utara/21,19/09/2026 18.33.46,,0,Es Cao,2,5000,,
Suto Tengah 13 /45 - Sut Teng XIII/45,19/09/2026 18.42.53,,0,Lontong Balap,2,15000,,Sut Teng XIII/45
Suto Tengah 13 /45 - Sut Teng XIII/45,19/09/2026 18.42.53,,0,Perkedel,1,10000,,Sut Teng XIII/45
Memet 22,19/09/2026 18.43.43,,5000,Pecak Terong,1,25000,,
Memet 22,19/09/2026 18.43.43,,5000,Perkedel,2,10000,,
Memet 22,19/09/2026 18.43.43,,5000,Rolade,1,25000,,
Anish BTH,19/09/2026 19.18.00,,5000,Sop Bakso,1,25000,,kirim BRIN Laboratorium Hidrodinamika komplek ITS Sukolilo (seberang teknik informatika ITS sebelah gedung Nasdec ITS); atas nama Anis
Anish BTH,19/09/2026 19.18.00,,5000,Pecak Terong,1,25000,,kirim BRIN Laboratorium Hidrodinamika komplek ITS Sukolilo (seberang teknik informatika ITS sebelah gedung Nasdec ITS); atas nama Anis
Anish BTH,19/09/2026 19.18.00,,5000,Perkedel,1,10000,,kirim BRIN Laboratorium Hidrodinamika komplek ITS Sukolilo (seberang teknik informatika ITS sebelah gedung Nasdec ITS); atas nama Anis
Anish BTH,19/09/2026 19.18.00,,5000,Oseng Tahu Tempe Udang,1,20000,,kirim BRIN Laboratorium Hidrodinamika komplek ITS Sukolilo (seberang teknik informatika ITS sebelah gedung Nasdec ITS); atas nama Anis
Mulyosari Ut 9 / 4,19/09/2026 19.37.06,,0,Sop Bakso,1,25000,,MU 9/4
Mulyosari Ut 9 / 4,19/09/2026 19.37.06,,0,Perkedel,1,10000,,MU 9/4
Mulyosari Ut 9 / 4,19/09/2026 19.37.06,,0,Lontong Balap,1,15000,,MU 9/4
Sutorejo Sel 1/22,19/09/2026 19.38.53,,0,Sop Bakso,1,25000,+ sambal,
Sutorejo Sel 1/22,19/09/2026 19.38.53,,0,Pecak Terong,1,25000,pedas,
Sutorejo Sel 1/22,19/09/2026 19.38.53,,0,Perkedel,1,10000,,
Sutorejo Sel 1/22,19/09/2026 19.38.53,,0,Lontong Balap,1,15000,,
Blok U/117,19/09/2026 19.49.18,,0,Rolade,1,25000,,
Blok U/117,19/09/2026 19.49.18,,0,Lontong Balap,1,15000,,
ITS T 85,19/09/2026 19.50.00,,0,Lontong Balap,2,15000,,
ITS T 85,19/09/2026 19.50.00,,0,Rolade,1,25000,,
ITS V 10,19/09/2026 19.52.22,,0,Rolade,1,25000,,Blok V-10
ITS V 10,19/09/2026 19.52.22,,0,Oseng Tahu Tempe Udang,1,20000,,Blok V-10
ITS V 10,19/09/2026 19.52.22,,0,Pecak Terong,1,25000,,Blok V-10
Tohir 17,19/09/2026 20.02.00,,5000,Sop Bakso,1,25000,,
Tohir 17,19/09/2026 20.02.00,,5000,Perkedel,1,10000,,
Tohir 17,19/09/2026 20.02.00,,5000,Pecak Terong,1,25000,,
Tohir 17,19/09/2026 20.02.00,,5000,Rolade,1,25000,,
Tohir 17,19/09/2026 20.02.00,,5000,Lontong Balap,1,15000,,
Mulyo Utara 26,19/09/2026 20.31.12,,0,Lontong Balap,1,15000,,
Pantai Mentari Blok SF / 9,19/09/2026 20.32.24,,10000,Pecak Terong,1,25000,,pantai mentari blok SF no. 9
Pantai Mentari Blok SF / 9,19/09/2026 20.32.24,,10000,Rolade,1,25000,goreng,pantai mentari blok SF no. 9
Pantai Mentari Blok SF / 9,19/09/2026 20.32.24,,10000,Oseng Tahu Tempe Udang,1,20000,,pantai mentari blok SF no. 9
Pantai Mentari Blok SF / 9,19/09/2026 20.32.24,,10000,Perkedel,1,10000,,pantai mentari blok SF no. 9
Pantai Mentari Blok SF / 9,19/09/2026 20.32.24,,10000,Sayap Chili Pari,1,25000,,pantai mentari blok SF no. 9
Pantai Mentari Blok SF / 9,19/09/2026 20.32.24,,10000,Sop Bakso,1,25000,,pantai mentari blok SF no. 9
Pantai Mentari Blok SF / 9,19/09/2026 20.32.24,,10000,Es Cao,3,5000,,pantai mentari blok SF no. 9
ITS T 73,19/09/2026 20.35.05,,0,Rolade,1,25000,,T73
ITS T 73,19/09/2026 20.35.05,,0,Pecak Terong,1,25000,,T73
ITS M 4A,19/09/2026 20.48.13,,0,Pecak Terong,1,25000,,M4A
ITS M 4A,19/09/2026 20.48.13,,0,Sayap Chili Pari,1,25000,,M4A
ITS M 4A,19/09/2026 20.48.13,,0,Lontong Balap,1,15000,,M4A
ITS U 144,19/09/2026 20.54.36,,5000,Rolade,1,25000,,Blok U 144
ITS U 144,19/09/2026 20.54.36,,5000,Pecak Terong,1,25000,,Blok U 144
ITS T 72,19/09/2026 21.38.38,,0,Lontong Balap,1,15000,,T 72
ITS T 72,19/09/2026 21.38.38,,0,Perkedel,1,10000,,T 72
ITS T 72,19/09/2026 21.38.38,,0,Es Cao,2,5000,,T 72
BPD D 24/25,20/09/2026 03.17.29,,0,Perkedel,2,10000,,Bu Ahfa
BPD B 22,20/09/2026 04.44.46,,0,Sop Bakso,1,25000,,Mulyosari BPD B-22
BPD B 22,20/09/2026 04.44.46,,0,Perkedel,1,10000,,Mulyosari BPD B-22
BPD B 22,20/09/2026 04.44.46,,0,Oseng Tahu Tempe Udang,1,20000,,Mulyosari BPD B-22
sutorejo timur 32/H5,20/09/2026 05.20.31,,0,Rolade,1,25000,,Sut tmr 32/H5
sutorejo timur 32/H5,20/09/2026 05.20.31,,0,Es Cao,3,5000,,Sut tmr 32/H5
Sutorejo Selatan 11/4,20/09/2026 05.41.41,,0,Lontong Balap,1,15000,,Sutorejo Selatan XI/4
Sutorejo Selatan 11/4,20/09/2026 05.41.41,,0,Perkedel,1,10000,,Sutorejo Selatan XI/4
Sutorejo Selatan 11/4,20/09/2026 05.41.41,,0,Es Cao,1,5000,,Sutorejo Selatan XI/4
Sutorejo Tengah 8/10,20/09/2026 05.47.58,,0,Lontong Balap,1,15000,,Sutorejo Tengah 8 /10
Sutorejo Tengah 8/10,20/09/2026 05.47.58,,0,Perkedel,1,10000,,Sutorejo Tengah 8 /10
WisPer Tengah 9/JJ-37,20/09/2026 05.55.52,,5000,Pecak Terong,1,25000,,WPT IX / JJ - 37
WisPer Tengah 9/JJ-37,20/09/2026 05.55.52,,5000,Sayap Chili Pari,2,25000,,WPT IX / JJ - 37
WisPer Tengah 9/JJ-37,20/09/2026 05.55.52,,5000,Perkedel,1,10000,,WPT IX / JJ - 37
ITS J 41,20/09/2026 06.34.00,Transfer,0,Sop Bakso,1,25000,,jangan digantung diluar pagar; letakkan di keranjang paket di tembok dalam pagar (lewat atas)
ITS J 41,20/09/2026 06.34.00,Transfer,0,Sayap Chili Pari,1,25000,,jangan digantung diluar pagar; letakkan di keranjang paket di tembok dalam pagar (lewat atas)
ITS J 41,20/09/2026 06.34.00,Transfer,0,Rolade,1,25000,,jangan digantung diluar pagar; letakkan di keranjang paket di tembok dalam pagar (lewat atas)
ITS J 41,20/09/2026 06.34.00,Transfer,0,Perkedel,1,10000,,jangan digantung diluar pagar; letakkan di keranjang paket di tembok dalam pagar (lewat atas)
ITS J 41,20/09/2026 06.34.00,Transfer,0,Oseng Tahu Tempe Udang,0.5,20000,,jangan digantung diluar pagar; letakkan di keranjang paket di tembok dalam pagar (lewat atas)
ITS T 93,20/09/2026 07.08.21,,0,Lontong Balap,1,15000,,T 93
ITS T 93,20/09/2026 07.08.21,,0,Es Cao,2,5000,,T 93
ITS T 93,20/09/2026 07.08.21,,0,Perkedel,1,10000,,T 93
Mulyo BPD B -1,20/09/2026 07.10.19,,0,Sop Bakso,1,25000,,Mulyosari BPD. B1
Mulyo BPD B -1,20/09/2026 07.10.19,,0,Perkedel,2,10000,,Mulyosari BPD. B1
ITS T 86,20/09/2026 07.59.59,,0,Sop Bakso,1,25000,,T86
ITS T 86,20/09/2026 07.59.59,,0,Perkedel,1,10000,,T86
ITS T 8 LAMA,20/09/2026 08.49.16,Transfer,5000,Lontong Balap,1,15000,bumbu dipisah,T8 lm
ITS T 8 LAMA,20/09/2026 08.49.16,Transfer,5000,Sayap Chili Pari,1,25000,,T8 lm
ITS T 8 LAMA,20/09/2026 08.49.16,Transfer,5000,Perkedel,1,10000,,T8 lm
ITS W 6,20/09/2026 09.32.00,,0,Sop Bakso,1,25000,,
ITS W 6,20/09/2026 09.32.00,,0,Perkedel,1,10000,,
Mulyosari Mas F 19,20/09/2026 09.32.00,,0,Sayap Chili Pari,2,25000,,
Mulyosari Mas F 19,20/09/2026 09.32.00,,0,Pecak Terong,1,25000,,
